TASK,TrialIndex,Jitter,ScannerRun,BlockNr,TrialType,StimType,Order,Delay,CurrentImage,CurrentX,CurrentY,TripletMemberA,TripletMemberB,TripletMemberC,Xcoordinate,Ycoordinate,Xcoordinate_lure1,Ycoordinate_lure1,Xcoordinate_lure2,Ycoordinate_lure2,Xcoordinate_foil,Ycoordinate_foil,enc_full_practice.thisRepN,enc_full_practice.thisTrialN,enc_full_practice.thisN,enc_full_practice.thisIndex,rec_full_practice.thisRepN,rec_full_practice.thisTrialN,rec_full_practice.thisN,rec_full_practice.thisIndex,run.thisRepN,run.thisTrialN,run.thisN,run.thisIndex,enc_trials.thisRepN,enc_trials.thisTrialN,enc_trials.thisN,enc_trials.thisIndex,welcome_image.started,welcome_image.stopped,welcome_text.started,welcome_text.stopped,general_instructions_key.keys,general_instructions_key.rt,general_instructions_key.started,general_instructions_key.stopped,general_instructions_4_continue.started,general_instructions_4_continue.stopped,general_instructions_text.started,general_instructions_text.stopped,start_practice_text.started,start_practice_text.stopped,practice_block_text.started,practice_block_text.stopped,enc_fx_interior_practice.started,enc_fx_interior_practice.stopped,enc_fx_cross_practice.started,enc_fx_cross_practice.stopped,enc_fx_key_practice.keys,enc_fx_key_practice.started,enc_fx_key_practice.stopped,enc_fx_text_block_practice.started,enc_fx_text_block_practice.stopped,enc_fx_instructions_text_practice.started,enc_fx_instructions_text_practice.stopped,enc_trial_interior_practice.started,enc_trial_interior_practice.stopped,enc_trial_main_image_practice.started,enc_trial_main_image_practice.stopped,enc_trial_key_practice.keys,enc_trial_key_practice.started,enc_trial_key_practice.stopped,enc_trial_text_block_practice.started,enc_trial_text_block_practice.stopped,enc_trial_instructions_text_practice.started,enc_trial_instructions_text_practice.stopped,enc_practice_feedback_interior.started,enc_practice_feedback_interior.stopped,enc_practice_feedback_image.started,enc_practice_feedback_image.stopped,enc_practice_feedback_text.started,enc_practice_feedback_text.stopped,enc_practice_feedback_block.started,enc_practice_feedback_block.stopped,start_recognition_text.started,start_recognition_text.stopped,rec_fx_interior_practice.started,rec_fx_interior_practice.stopped,rec_fx_cross_practice.started,rec_fx_cross_practice.stopped,rec_fx_key_practice.keys,rec_fx_key_practice.started,rec_fx_key_practice.stopped,rec_fx_text_block_practice.started,rec_fx_text_block_practice.stopped,rec_fx_instructions_text_practice.started,rec_fx_instructions_text_practice.stopped,rec_trial_interior_practice.started,rec_trial_interior_practice.stopped,rec_trial_main_image_practice.started,rec_trial_main_image_practice.stopped,rec_trial_key_practice.keys,rec_trial_key_practice.started,rec_trial_key_practice.stopped,rec_trial_text_block_practice.started,rec_trial_text_block_practice.stopped,rec_trial_instructions_text_practice.started,rec_trial_instructions_text_practice.stopped,rec_practice_feedback_text.started,rec_practice_feedback_text.stopped,end_practice_text.started,end_practice_text.stopped,end_practice_key.keys,end_practice_key.rt,end_practice_key.started,end_practice_key.stopped,end_practice_continue.started,end_practice_continue.stopped,coming_up_next_text.started,coming_up_next_text.stopped,wait_for_last_scan_text.started,wait_for_last_scan_text.stopped,wait_for_last_scan_continue.keys,wait_for_last_scan_continue.rt,wait_for_last_scan_continue.started,wait_for_last_scan_continue.stopped,trigger_time,start_MR_text.started,start_MR_text.stopped,MR_trigger.keys,MR_trigger.rt,MR_trigger.started,MR_trigger.stopped,trigger,start_enc_run_text.started,start_enc_run_text.stopped,encoding_title_text.started,encoding_title_text.stopped,encoding_baseline_interior.started,encoding_baseline_interior.stopped,encoding_baseline_text_block.started,encoding_baseline_text_block.stopped,encoding_baseline_instructions_text.started,encoding_baseline_instructions_text.stopped,baseline_enc_fx_cross.started,baseline_enc_fx_cross.stopped,enc_loop_start_time,enc_fx_start_time,enc_fx_interior.started,enc_fx_interior.stopped,enc_fx_cross.started,enc_fx_cross.stopped,enc_fx_key.keys,enc_fx_key.started,enc_fx_key.stopped,enc_fx_text_block.started,enc_fx_text_block.stopped,enc_fx_instructions_text.started,enc_fx_instructions_text.stopped,enc_trial_start_time,enc_stimulus_start_time,enc_trial_interior.started,enc_trial_interior.stopped,enc_trial_main_image.started,enc_trial_main_image.stopped,enc_trial_key.keys,enc_trial_key.started,enc_trial_key.stopped,enc_trial_text_block.started,enc_trial_text_block.stopped,enc_trial_instructions_text.started,enc_trial_instructions_text.stopped,online ID,MR ID,Session,Stimuli Table,date,expName,psychopyVersion,frameRate,
,,,,,,,,,,,,,,,,,,,,,,,,,,,,,,,,,,,,,,,0.03346787765622139,None,0.03346787765622139,None,d,10.707239061477594,4.035438143357169,None,,,,,,,,,,,,,,,,,,,,,,,,,,,,,,,,,,,,,,,,,,,,,,,,,,,,,,,,,,,,,,,,,,,,,,,,,,,,,,,,,,,,,,,,,,,,,,,,,,,,,,,,,,,,,,,,,,,,,,,,,,,,,,,41mTRK22F,766406,OBJ,0,2021_Jul_06_1706,miniTRK,2021.1.4,59.460082687364206,
,,,,,,,,,,,,,,,,,,,,,,,,,,,,,,,,,,,,,,,,,,,,,,,4.035438143357169,None,3.047643186233472,None,14.765658002637792,None,15.765417738817632,None,23.6150292440434,None,23.6150292440434,None,None,23.6150292440434,None,23.6150292440434,None,23.6150292440434,None,27.6149657201604,None,27.6149657201604,None,None,27.6149657201604,None,27.6149657201604,None,27.6149657201604,None,30.61486736056395,None,30.61486736056395,None,30.61486736056395,None,30.61486736056395,None,31.61483329330804,None,41.448063058720436,None,41.448063058720436,None,None,41.448063058720436,None,41.448063058720436,None,41.448063058720436,None,45.44793703552568,None,45.44793703552568,None,None,45.44793703552568,None,45.44793703552568,None,45.44793703552568,None,49.44789605232654,None,51.447831759986,None,d,5.414289088046644,52.447802047187,None,,,,,,,,,,,,,,,,,,,,,,,,,,,,,,,,,,,,,,,,,,,,,,,,,,,,,,,,,41mTRK22F,766406,OBJ,0,2021_Jul_06_1706,miniTRK,2021.1.4,59.460082687364206,
ENC,1,500,1,1,OBJ,ERP,1,6,stimuli/fractals/21b.jpg,0.376897355721593,0.0513077905058119,stimuli/fractals/21b.jpg,stimuli/fractals/21a.jpg,stimuli/fractals/21c.jpg,0.376897355721593,0.0513077905058119,0.182213392677702,-0.36440205954632393,0.30363366638760303,-0.37654943267435104,-0.21385133123199201,0.34437961361303193,,,,,,,,,0,0,0,0,,,,,,,,,,,,,,,,,,,,,,,,,,,,,,,,,,,,,,,,,,,,,,,,,,,,,,,,,,,,,,,,,,,,,,,,,,,,,,,,,,,52.447802047187,None,51.447831759986,None,57.917695301410276,None,space,10.947047700814437,58.914902042539325,None,83.48332625516923,69.88116239529336,None,s,13.59661371470429,69.88116239529336,None,0.0027666198438964784,,,,,,,,,,,,,,,,,,,,,,,,,,,,,,,,,,,,,,,41mTRK22F,766406,OBJ,0,2021_Jul_06_1706,miniTRK,2021.1.4,59.460082687364206,
ENC,1,500,1,1,OBJ,ERP,1,6,stimuli/fractals/21b.jpg,0.376897355721593,0.0513077905058119,stimuli/fractals/21b.jpg,stimuli/fractals/21a.jpg,stimuli/fractals/21c.jpg,0.376897355721593,0.0513077905058119,0.182213392677702,-0.36440205954632393,0.30363366638760303,-0.37654943267435104,-0.21385133123199201,0.34437961361303193,,,,,,,,,0,0,0,0,,,,,,,,,,,,,,,,,,,,,,,,,,,,,,,,,,,,,,,,,,,,,,,,,,,,,,,,,,,,,,,,,,,,,,,,,,,,,,,,,,,,,,,,,,,,,,,,,,,,1.8358152909204364,,,,,,,,,,,,,,,,,,,,,,,,,,,,,,,,,,,,,,,41mTRK22F,766406,OBJ,0,2021_Jul_06_1706,miniTRK,2021.1.4,59.460082687364206,
ENC,1,500,1,1,OBJ,ERP,1,6,stimuli/fractals/21b.jpg,0.376897355721593,0.0513077905058119,stimuli/fractals/21b.jpg,stimuli/fractals/21a.jpg,stimuli/fractals/21c.jpg,0.376897355721593,0.0513077905058119,0.182213392677702,-0.36440205954632393,0.30363366638760303,-0.37654943267435104,-0.21385133123199201,0.34437961361303193,,,,,,,,,0,0,0,0,,,,,,,,,,,,,,,,,,,,,,,,,,,,,,,,,,,,,,,,,,,,,,,,,,,,,,,,,,,,,,,,,,,,,,,,,,,,,,,,,,,,,,,,,,,,,,,,,,,,3.685880428587552,83.49783147824928,None,,,,,,,,,,,,,,,,,,,,,,,,,,,,,,,,,,,,,41mTRK22F,766406,OBJ,0,2021_Jul_06_1706,miniTRK,2021.1.4,59.460082687364206,
ENC,1,500,1,1,OBJ,ERP,1,6,stimuli/fractals/21b.jpg,0.376897355721593,0.0513077905058119,stimuli/fractals/21b.jpg,stimuli/fractals/21a.jpg,stimuli/fractals/21c.jpg,0.376897355721593,0.0513077905058119,0.182213392677702,-0.36440205954632393,0.30363366638760303,-0.37654943267435104,-0.21385133123199201,0.34437961361303193,,,,,,,,,0,0,0,0,,,,,,,,,,,,,,,,,,,,,,,,,,,,,,,,,,,,,,,,,,,,,,,,,,,,,,,,,,,,,,,,,,,,,,,,,,,,,,,,,,,,,,,,,,,,,,,,,,,,5.516096650622785,,,85.5010238107061,None,,,,,,,,,,,,,,,,,,,,,,,,,,,,,,,,,,,41mTRK22F,766406,OBJ,0,2021_Jul_06_1706,miniTRK,2021.1.4,59.460082687364206,
ENC,1,500,1,1,OBJ,ERP,1,6,stimuli/fractals/21b.jpg,0.376897355721593,0.0513077905058119,stimuli/fractals/21b.jpg,stimuli/fractals/21a.jpg,stimuli/fractals/21c.jpg,0.376897355721593,0.0513077905058119,0.182213392677702,-0.36440205954632393,0.30363366638760303,-0.37654943267435104,-0.21385133123199201,0.34437961361303193,,,,,,,,,0,0,0,0,,,,,,,,,,,,,,,,,,,,,,,,,,,,,,,,,,,,,,,,,,,,,,,,,,,,,,,,,,,,,,,,,,,,,,,,,,,,,,,,,,,,,,,,,,,,,,,,,,,,7.366163068974856,,,,,,,,,,,,,,,,,,,,,,,,,,,,,,,,,,,,,,,41mTRK22F,766406,OBJ,0,2021_Jul_06_1706,miniTRK,2021.1.4,59.460082687364206,
ENC,1,500,1,1,OBJ,ERP,1,6,stimuli/fractals/21b.jpg,0.376897355721593,0.0513077905058119,stimuli/fractals/21b.jpg,stimuli/fractals/21a.jpg,stimuli/fractals/21c.jpg,0.376897355721593,0.0513077905058119,0.182213392677702,-0.36440205954632393,0.30363366638760303,-0.37654943267435104,-0.21385133123199201,0.34437961361303193,,,,,,,,,0,0,0,0,,,,,,,,,,,,,,,,,,,,,,,,,,,,,,,,,,,,,,,,,,,,,,,,,,,,,,,,,,,,,,,,,,,,,,,,,,,,,,,,,,,,,,,,,,,,,,,,,,,,9.199325980618596,,,,,,,,,,,,,,,,,,,,,,,,,,,,,,,,,,,,,,,41mTRK22F,766406,OBJ,0,2021_Jul_06_1706,miniTRK,2021.1.4,59.460082687364206,
ENC,1,500,1,1,OBJ,ERP,1,6,stimuli/fractals/21b.jpg,0.376897355721593,0.0513077905058119,stimuli/fractals/21b.jpg,stimuli/fractals/21a.jpg,stimuli/fractals/21c.jpg,0.376897355721593,0.0513077905058119,0.182213392677702,-0.36440205954632393,0.30363366638760303,-0.37654943267435104,-0.21385133123199201,0.34437961361303193,,,,,,,,,0,0,0,0,,,,,,,,,,,,,,,,,,,,,,,,,,,,,,,,,,,,,,,,,,,,,,,,,,,,,,,,,,,,,,,,,,,,,,,,,,,,,,,,,,,,,,,,,,,,,,,,,,,,11.049414939712733,,,,,,,,,,,,,,,,,,,,,,,,,,,,,,,,,,,,,,,41mTRK22F,766406,OBJ,0,2021_Jul_06_1706,miniTRK,2021.1.4,59.460082687364206,
ENC,1,500,1,1,OBJ,ERP,1,6,stimuli/fractals/21b.jpg,0.376897355721593,0.0513077905058119,stimuli/fractals/21b.jpg,stimuli/fractals/21a.jpg,stimuli/fractals/21c.jpg,0.376897355721593,0.0513077905058119,0.182213392677702,-0.36440205954632393,0.30363366638760303,-0.37654943267435104,-0.21385133123199201,0.34437961361303193,,,,,,,,,0,0,0,0,,,,,,,,,,,,,,,,,,,,,,,,,,,,,,,,,,,,,,,,,,,,,,,,,,,,,,,,,,,,,,,,,,,,,,,,,,,,,,,,,,,,,,,,,,,,,,,,,,,,12.883324001159053,,,,,,,,,,,,,,,,,,,,,,,,,,,,,,,,,,,,,,,41mTRK22F,766406,OBJ,0,2021_Jul_06_1706,miniTRK,2021.1.4,59.460082687364206,
ENC,1,500,1,1,OBJ,ERP,1,6,stimuli/fractals/21b.jpg,0.376897355721593,0.0513077905058119,stimuli/fractals/21b.jpg,stimuli/fractals/21a.jpg,stimuli/fractals/21c.jpg,0.376897355721593,0.0513077905058119,0.182213392677702,-0.36440205954632393,0.30363366638760303,-0.37654943267435104,-0.21385133123199201,0.34437961361303193,,,,,,,,,0,0,0,0,,,,,,,,,,,,,,,,,,,,,,,,,,,,,,,,,,,,,,,,,,,,,,,,,,,,,,,,,,,,,,,,,,,,,,,,,,,,,,,,,,,,,,,,,,,,,,,,,,,,14.716413143149111,,,,,,,,,,,,,,,,,,,,,,,,,,,,,,,,,,,,,,,41mTRK22F,766406,OBJ,0,2021_Jul_06_1706,miniTRK,2021.1.4,59.460082687364206,
ENC,1,500,1,1,OBJ,ERP,1,6,stimuli/fractals/21b.jpg,0.376897355721593,0.0513077905058119,stimuli/fractals/21b.jpg,stimuli/fractals/21a.jpg,stimuli/fractals/21c.jpg,0.376897355721593,0.0513077905058119,0.182213392677702,-0.36440205954632393,0.30363366638760303,-0.37654943267435104,-0.21385133123199201,0.34437961361303193,,,,,,,,,0,0,0,0,,,,,,,,,,,,,,,,,,,,,,,,,,,,,,,,,,,,,,,,,,,,,,,,,,,,,,,,,,,,,,,,,,,,,,,,,,,,,,,,,,,,,,,,,,,,,,,,,,,,16.56646393664414,,,,,,,,,,,,,,,,,,,,,,,,,,,,,,,,,,,,,,,41mTRK22F,766406,OBJ,0,2021_Jul_06_1706,miniTRK,2021.1.4,59.460082687364206,
ENC,1,500,1,1,OBJ,ERP,1,6,stimuli/fractals/21b.jpg,0.376897355721593,0.0513077905058119,stimuli/fractals/21b.jpg,stimuli/fractals/21a.jpg,stimuli/fractals/21c.jpg,0.376897355721593,0.0513077905058119,0.182213392677702,-0.36440205954632393,0.30363366638760303,-0.37654943267435104,-0.21385133123199201,0.34437961361303193,,,,,,,,,0,0,0,0,,,,,,,,,,,,,,,,,,,,,,,,,,,,,,,,,,,,,,,,,,,,,,,,,,,,,,,,,,,,,,,,,,,,,,,,,,,,,,,,,,,,,,,,,,,,,,,,,,,,18.399756457540207,,,,,,,,,,,,,,,,,,,,,,,,,,,,,,,,,,,,,,,41mTRK22F,766406,OBJ,0,2021_Jul_06_1706,miniTRK,2021.1.4,59.460082687364206,
ENC,1,500,1,1,OBJ,ERP,1,6,stimuli/fractals/21b.jpg,0.376897355721593,0.0513077905058119,stimuli/fractals/21b.jpg,stimuli/fractals/21a.jpg,stimuli/fractals/21c.jpg,0.376897355721593,0.0513077905058119,0.182213392677702,-0.36440205954632393,0.30363366638760303,-0.37654943267435104,-0.21385133123199201,0.34437961361303193,,,,,,,,,0,0,0,0,,,,,,,,,,,,,,,,,,,,,,,,,,,,,,,,,,,,,,,,,,,,,,,,,,,,,,,,,,,,,,,,,,,,,,,,,,,,,,,,,,,,,,,,,,,,,,,,,,,,20.24974014115287,,,,,,,,,,,,,,,,,,,,,,,,,,,,,,,,,,,,,,,41mTRK22F,766406,OBJ,0,2021_Jul_06_1706,miniTRK,2021.1.4,59.460082687364206,
ENC,1,500,1,1,OBJ,ERP,1,6,stimuli/fractals/21b.jpg,0.376897355721593,0.0513077905058119,stimuli/fractals/21b.jpg,stimuli/fractals/21a.jpg,stimuli/fractals/21c.jpg,0.376897355721593,0.0513077905058119,0.182213392677702,-0.36440205954632393,0.30363366638760303,-0.37654943267435104,-0.21385133123199201,0.34437961361303193,,,,,,,,,0,0,0,0,,,,,,,,,,,,,,,,,,,,,,,,,,,,,,,,,,,,,,,,,,,,,,,,,,,,,,,,,,,,,,,,,,,,,,,,,,,,,,,,,,,,,,,,,,,,,,,,,,,,22.082738351717126,,,,,,,,,,,,,,,,,,,,,,,,,,,,,,,,,,,,,,,41mTRK22F,766406,OBJ,0,2021_Jul_06_1706,miniTRK,2021.1.4,59.460082687364206,
ENC,1,500,1,1,OBJ,ERP,1,6,stimuli/fractals/21b.jpg,0.376897355721593,0.0513077905058119,stimuli/fractals/21b.jpg,stimuli/fractals/21a.jpg,stimuli/fractals/21c.jpg,0.376897355721593,0.0513077905058119,0.182213392677702,-0.36440205954632393,0.30363366638760303,-0.37654943267435104,-0.21385133123199201,0.34437961361303193,,,,,,,,,0,0,0,0,,,,,,,,,,,,,,,,,,,,,,,,,,,,,,,,,,,,,,,,,,,,,,,,,,,,,,,,,,,,,,,,,,,,,,,,,,,,,,,,,,,,,,,,,,,,,,,,,,,,23.915896652790252,,,,,,,,,,,,,,,,,,,,,,,,,,,,,,,,,,,,,,,41mTRK22F,766406,OBJ,0,2021_Jul_06_1706,miniTRK,2021.1.4,59.460082687364206,
ENC,1,500,1,1,OBJ,ERP,1,6,stimuli/fractals/21b.jpg,0.376897355721593,0.0513077905058119,stimuli/fractals/21b.jpg,stimuli/fractals/21a.jpg,stimuli/fractals/21c.jpg,0.376897355721593,0.0513077905058119,0.182213392677702,-0.36440205954632393,0.30363366638760303,-0.37654943267435104,-0.21385133123199201,0.34437961361303193,,,,,,,,,0,0,0,0,,,,,,,,,,,,,,,,,,,,,,,,,,,,,,,,,,,,,,,,,,,,,,,,,,,,,,,,,,,,,,,,,,,,,,,,,,,,,,,,,,,,,,,,,,,,,,,,,,,,25.765899034915492,,,,,,,,,,,,,,,,,,,,,,,,,,,,,,,,,,,,,,,41mTRK22F,766406,OBJ,0,2021_Jul_06_1706,miniTRK,2021.1.4,59.460082687364206,
ENC,1,500,1,1,OBJ,ERP,1,6,stimuli/fractals/21b.jpg,0.376897355721593,0.0513077905058119,stimuli/fractals/21b.jpg,stimuli/fractals/21a.jpg,stimuli/fractals/21c.jpg,0.376897355721593,0.0513077905058119,0.182213392677702,-0.36440205954632393,0.30363366638760303,-0.37654943267435104,-0.21385133123199201,0.34437961361303193,,,,,,,,,0,0,0,0,,,,,,,,,,,,,,,,,,,,,,,,,,,,,,,,,,,,,,,,,,,,,,,,,,,,,,,,,,,,,,,,,,,,,,,,,,,,,,,,,,,,,,,,,,,,,,,,,,,,27.599112919415347,,,,,,,,,,,,,,,,,,,,,,,,,,,,,,,,,,,,,,,41mTRK22F,766406,OBJ,0,2021_Jul_06_1706,miniTRK,2021.1.4,59.460082687364206,
ENC,1,500,1,1,OBJ,ERP,1,6,stimuli/fractals/21b.jpg,0.376897355721593,0.0513077905058119,stimuli/fractals/21b.jpg,stimuli/fractals/21a.jpg,stimuli/fractals/21c.jpg,0.376897355721593,0.0513077905058119,0.182213392677702,-0.36440205954632393,0.30363366638760303,-0.37654943267435104,-0.21385133123199201,0.34437961361303193,,,,,,,,,0,0,0,0,0,0,0,0,,,,,,,,,,,,,,,,,,,,,,,,,,,,,,,,,,,,,,,,,,,,,,,,,,,,,,,,,,,,,,,,,,,,,,,,,,,,,,,,,,,,,,,,,,,,,,,,29.450255914300214,,,,,87.50418873567833,None,87.50418873567833,None,87.50418873567833,None,87.50418873567833,None,29.06095118855592,29.0772297019721,,,,,,,,,,,,,,,,,,,,,,,,,41mTRK22F,766406,OBJ,0,2021_Jul_06_1706,miniTRK,2021.1.4,59.460082687364206,
ENC,1,500,1,1,OBJ,ERP,1,6,stimuli/fractals/21b.jpg,0.376897355721593,0.0513077905058119,stimuli/fractals/21b.jpg,stimuli/fractals/21a.jpg,stimuli/fractals/21c.jpg,0.376897355721593,0.0513077905058119,0.182213392677702,-0.36440205954632393,0.30363366638760303,-0.37654943267435104,-0.21385133123199201,0.34437961361303193,,,,,,,,,0,0,0,0,0,0,0,0,,,,,,,,,,,,,,,,,,,,,,,,,,,,,,,,,,,,,,,,,,,,,,,,,,,,,,,,,,,,,,,,,,,,,,,,,,,,,,,,,,,,,,,,,,,,,,,,31.282703413569834,,,,,,,,,,,,,,,112.55923988524592,None,112.55923988524592,None,None,112.55923988524592,None,112.55923988524592,None,112.55923988524592,None,29.622254576184787,29.630264479783364,,,,,,,,,,,,41mTRK22F,766406,OBJ,0,2021_Jul_06_1706,miniTRK,2021.1.4,59.460082687364206,
ENC,1,500,1,1,OBJ,ERP,1,6,stimuli/fractals/21b.jpg,0.376897355721593,0.0513077905058119,stimuli/fractals/21b.jpg,stimuli/fractals/21a.jpg,stimuli/fractals/21c.jpg,0.376897355721593,0.0513077905058119,0.182213392677702,-0.36440205954632393,0.30363366638760303,-0.37654943267435104,-0.21385133123199201,0.34437961361303193,,,,,,,,,0,0,0,0,0,0,0,0,,,,,,,,,,,,,,,,,,,,,,,,,,,,,,,,,,,,,,,,,,,,,,,,,,,,,,,,,,,,,,,,,,,,,,,,,,,,,,,,,,,,,,,,,,,,,,,,,,,,,,,,,,,,,,,,,,,,,,,,,,,,113.11225160997128,None,113.11225160997128,None,None,113.11225160997128,None,113.11225160997128,None,113.11225160997128,None,41mTRK22F,766406,OBJ,0,2021_Jul_06_1706,miniTRK,2021.1.4,59.460082687364206,
ENC,2,3000,1,1,OBJ,OLP,1,4,stimuli/fractals/152a.jpg,0.0846478024186574,0.176247697779993,stimuli/fractals/152a.jpg,stimuli/fractals/152b.jpg,stimuli/fractals/152c.jpg,0.0846478024186574,0.176247697779993,0.27881536208095503,0.0111399149554564,0.282515861559336,-0.19795591034362198,-0.382647246154026,-0.161403316080168,,,,,,,,,0,0,0,0,0,1,1,1,,,,,,,,,,,,,,,,,,,,,,,,,,,,,,,,,,,,,,,,,,,,,,,,,,,,,,,,,,,,,,,,,,,,,,,,,,,,,,,,,,,,,,,,,,,,,,,,33.11716882145265,,,,,,,,,,,,,,32.59836881881347,,,,,,,,,,,,,,,,,,,,,,,,,41mTRK22F,766406,OBJ,0,2021_Jul_06_1706,miniTRK,2021.1.4,59.460082687364206,
ENC,2,3000,1,1,OBJ,OLP,1,4,stimuli/fractals/152a.jpg,0.0846478024186574,0.176247697779993,stimuli/fractals/152a.jpg,stimuli/fractals/152b.jpg,stimuli/fractals/152c.jpg,0.0846478024186574,0.176247697779993,0.27881536208095503,0.0111399149554564,0.282515861559336,-0.19795591034362198,-0.382647246154026,-0.161403316080168,,,,,,,,,0,0,0,0,0,1,1,1,,,,,,,,,,,,,,,,,,,,,,,,,,,,,,,,,,,,,,,,,,,,,,,,,,,,,,,,,,,,,,,,,,,,,,,,,,,,,,,,,,,,,,,,,,,,,,,,34.96724830317544,,,,,,,,,,,,,,,,,,,,,,,,,,,,,,,,,,,,,,,41mTRK22F,766406,OBJ,0,2021_Jul_06_1706,miniTRK,2021.1.4,59.460082687364206,
ENC,2,3000,1,1,OBJ,OLP,1,4,stimuli/fractals/152a.jpg,0.0846478024186574,0.176247697779993,stimuli/fractals/152a.jpg,stimuli/fractals/152b.jpg,stimuli/fractals/152c.jpg,0.0846478024186574,0.176247697779993,0.27881536208095503,0.0111399149554564,0.282515861559336,-0.19795591034362198,-0.382647246154026,-0.161403316080168,,,,,,,,,0,0,0,0,0,1,1,1,,,,,,,,,,,,,,,,,,,,,,,,,,,,,,,,,,,,,,,,,,,,,,,,,,,,,,,,,,,,,,,,,,,,,,,,,,,,,,,,,,,,,,,,,,,,,,,,36.80009538831655,,,,,,,,,,,,,,,116.08008930232609,None,116.08008930232609,None,None,116.08008930232609,None,116.08008930232609,None,116.08008930232609,None,35.60221688193269,35.610497530549765,,,,,,,,,,,,41mTRK22F,766406,OBJ,0,2021_Jul_06_1706,miniTRK,2021.1.4,59.460082687364206,
ENC,2,3000,1,1,OBJ,OLP,1,4,stimuli/fractals/152a.jpg,0.0846478024186574,0.176247697779993,stimuli/fractals/152a.jpg,stimuli/fractals/152b.jpg,stimuli/fractals/152c.jpg,0.0846478024186574,0.176247697779993,0.27881536208095503,0.0111399149554564,0.282515861559336,-0.19795591034362198,-0.382647246154026,-0.161403316080168,,,,,,,,,0,0,0,0,0,1,1,1,,,,,,,,,,,,,,,,,,,,,,,,,,,,,,,,,,,,,,,,,,,,,,,,,,,,,,,,,,,,,,,,,,,,,,,,,,,,,,,,,,,,,,,,,,,,,,,,,,,,,,,,,,,,,,,,,,,,,,,,,,,,119.0923962907982,None,119.0923962907982,None,None,119.0923962907982,None,119.0923962907982,None,119.0923962907982,None,41mTRK22F,766406,OBJ,0,2021_Jul_06_1706,miniTRK,2021.1.4,59.460082687364206,
ENC,3,3000,1,1,OBJ,ERP,1,5,stimuli/fractals/37a.jpg,-0.20591339026794103,0.156377605633925,stimuli/fractals/37a.jpg,stimuli/fractals/37b.jpg,stimuli/fractals/37c.jpg,-0.20591339026794103,0.156377605633925,-0.36194841734001504,-0.338630657507241,-0.128003571669689,-0.35038629997911797,0.330339150084164,0.0561419981062496,,,,,,,,,0,0,0,0,0,2,2,2,,,,,,,,,,,,,,,,,,,,,,,,,,,,,,,,,,,,,,,,,,,,,,,,,,,,,,,,,,,,,,,,,,,,,,,,,,,,,,,,,,,,,,,,,,,,,,,,38.6505124688847,,,,,,,,,,,,,,38.614617619430646,,,,,,,,,,,,,,,,,,,,,,,,,41mTRK22F,766406,OBJ,0,2021_Jul_06_1706,miniTRK,2021.1.4,59.460082687364206,
ENC,3,3000,1,1,OBJ,ERP,1,5,stimuli/fractals/37a.jpg,-0.20591339026794103,0.156377605633925,stimuli/fractals/37a.jpg,stimuli/fractals/37b.jpg,stimuli/fractals/37c.jpg,-0.20591339026794103,0.156377605633925,-0.36194841734001504,-0.338630657507241,-0.128003571669689,-0.35038629997911797,0.330339150084164,0.0561419981062496,,,,,,,,,0,0,0,0,0,2,2,2,,,,,,,,,,,,,,,,,,,,,,,,,,,,,,,,,,,,,,,,,,,,,,,,,,,,,,,,,,,,,,,,,,,,,,,,,,,,,,,,,,,,,,,,,,,,,,,,40.48348071053624,,,,,,,,,,,,,,,,,,,,,,,,,,,,,,,,,,,,,,,41mTRK22F,766406,OBJ,0,2021_Jul_06_1706,miniTRK,2021.1.4,59.460082687364206,
ENC,3,3000,1,1,OBJ,ERP,1,5,stimuli/fractals/37a.jpg,-0.20591339026794103,0.156377605633925,stimuli/fractals/37a.jpg,stimuli/fractals/37b.jpg,stimuli/fractals/37c.jpg,-0.20591339026794103,0.156377605633925,-0.36194841734001504,-0.338630657507241,-0.128003571669689,-0.35038629997911797,0.330339150084164,0.0561419981062496,,,,,,,,,0,0,0,0,0,2,2,2,,,,,,,,,,,,,,,,,,,,,,,,,,,,,,,,,,,,,,,,,,,,,,,,,,,,,,,,,,,,,,,,,,,,,,,,,,,,,,,,,,,,,,,,,,,,,,,,42.31622585008154,,,,,,,,,,,,,,,122.09665956464596,None,122.09665956464596,None,None,122.09665956464596,None,122.09665956464596,None,122.09665956464596,None,41.63248781650327,41.64378098392626,,,,,,,,,,,,41mTRK22F,766406,OBJ,0,2021_Jul_06_1706,miniTRK,2021.1.4,59.460082687364206,
ENC,3,3000,1,1,OBJ,ERP,1,5,stimuli/fractals/37a.jpg,-0.20591339026794103,0.156377605633925,stimuli/fractals/37a.jpg,stimuli/fractals/37b.jpg,stimuli/fractals/37c.jpg,-0.20591339026794103,0.156377605633925,-0.36194841734001504,-0.338630657507241,-0.128003571669689,-0.35038629997911797,0.330339150084164,0.0561419981062496,,,,,,,,,0,0,0,0,0,2,2,2,,,,,,,,,,,,,,,,,,,,,,,,,,,,,,,,,,,,,,,,,,,,,,,,,,,,,,,,,,,,,,,,,,,,,,,,,,,,,,,,,,,,,,,,,,,,,,,,44.166252053692006,,,,,,,,,,,,,,,,,,,,,,,,,,,,,,,,,,,,,,,41mTRK22F,766406,OBJ,0,2021_Jul_06_1706,miniTRK,2021.1.4,59.460082687364206,
ENC,3,3000,1,1,OBJ,ERP,1,5,stimuli/fractals/37a.jpg,-0.20591339026794103,0.156377605633925,stimuli/fractals/37a.jpg,stimuli/fractals/37b.jpg,stimuli/fractals/37c.jpg,-0.20591339026794103,0.156377605633925,-0.36194841734001504,-0.338630657507241,-0.128003571669689,-0.35038629997911797,0.330339150084164,0.0561419981062496,,,,,,,,,0,0,0,0,0,2,2,2,,,,,,,,,,,,,,,,,,,,,,,,,,,,,,,,,,,,,,,,,,,,,,,,,,,,,,,,,,,,,,,,,,,,,,,,,,,,,,,,,,,,,,,,,,,,,,,,,,,,,,,,,,,,,,,,,,,,,,,,,,,,125.12562595383497,None,125.12562595383497,None,None,125.12562595383497,None,125.12562595383497,None,125.12562595383497,None,41mTRK22F,766406,OBJ,0,2021_Jul_06_1706,miniTRK,2021.1.4,59.460082687364206,
ENC,4,2000,1,1,OBJ,OLP,1,6,stimuli/fractals/68c.jpg,0.269051094819113,0.000287426531222408,stimuli/fractals/68c.jpg,stimuli/fractals/68b.jpg,stimuli/fractals/68a.jpg,0.269051094819113,0.000287426531222408,0.307804810253768,-0.406703573446646,-0.0386388400685433,-0.0295717635171729,-0.37977273723814203,-0.29785786265235303,,,,,,,,,0,0,0,0,0,3,3,3,,,,,,,,,,,,,,,,,,,,,,,,,,,,,,,,,,,,,,,,,,,,,,,,,,,,,,,,,,,,,,,,,,,,,,,,,,,,,,,,,,,,,,,,,,,,,,,,45.99980251240777,,,,,,,,,,,,,,44.63189791503828,,,,,,,,,,,,,,,,,,,,,,,,,41mTRK22F,766406,OBJ,0,2021_Jul_06_1706,miniTRK,2021.1.4,59.460082687364206,
ENC,4,2000,1,1,OBJ,OLP,1,6,stimuli/fractals/68c.jpg,0.269051094819113,0.000287426531222408,stimuli/fractals/68c.jpg,stimuli/fractals/68b.jpg,stimuli/fractals/68a.jpg,0.269051094819113,0.000287426531222408,0.307804810253768,-0.406703573446646,-0.0386388400685433,-0.0295717635171729,-0.37977273723814203,-0.29785786265235303,,,,,,,,,0,0,0,0,0,3,3,3,,,,,,,,,,,,,,,,,,,,,,,,,,,,,,,,,,,,,,,,,,,,,,,,,,,,,,,,,,,,,,,,,,,,,,,,,,,,,,,,,,,,,,,,,,,,,,,,47.849564886884764,,,,,,,,,,,,,,,128.11321906885132,None,128.11321906885132,None,None,128.11321906885132,None,128.11321906885132,None,128.11321906885132,None,46.64344671496656,46.6500006915885,,,,,,,,,,,,41mTRK22F,766406,OBJ,0,2021_Jul_06_1706,miniTRK,2021.1.4,59.460082687364206,
ENC,4,2000,1,1,OBJ,OLP,1,6,stimuli/fractals/68c.jpg,0.269051094819113,0.000287426531222408,stimuli/fractals/68c.jpg,stimuli/fractals/68b.jpg,stimuli/fractals/68a.jpg,0.269051094819113,0.000287426531222408,0.307804810253768,-0.406703573446646,-0.0386388400685433,-0.0295717635171729,-0.37977273723814203,-0.29785786265235303,,,,,,,,,0,0,0,0,0,3,3,3,,,,,,,,,,,,,,,,,,,,,,,,,,,,,,,,,,,,,,,,,,,,,,,,,,,,,,,,,,,,,,,,,,,,,,,,,,,,,,,,,,,,,,,,,,,,,,,,,,,,,,,,,,,,,,,,,,,,,,,,,,,,130.13200139754917,None,130.13200139754917,None,None,130.13200139754917,None,130.13200139754917,None,130.13200139754917,None,41mTRK22F,766406,OBJ,0,2021_Jul_06_1706,miniTRK,2021.1.4,59.460082687364206,
ENC,5,6000,1,1,OBJ,BL,0,0,stimuli/fractals/150b.jpg,-0.152049014540115,0.402125424974986,stimuli/fractals/150b.jpg,stimuli/fractals/150a.jpg,stimuli/fractals/150c.jpg,-0.152049014540115,0.402125424974986,0.150226824551833,0.0446873918841893,0.0689434507199906,0.294584530699605,-0.316850799689957,-0.395129957365075,,,,,,,,,0,0,0,0,0,4,4,4,,,,,,,,,,,,,,,,,,,,,,,,,,,,,,,,,,,,,,,,,,,,,,,,,,,,,,,,,,,,,,,,,,,,,,,,,,,,,,,,,,,,,,,,,,,,,,,,49.68286842200905,,,,,,,,,,,,,,49.648095230571926,,,,,,,,,,,,,,,,,,,,,,,,,41mTRK22F,766406,OBJ,0,2021_Jul_06_1706,miniTRK,2021.1.4,59.460082687364206,
ENC,5,6000,1,1,OBJ,BL,0,0,stimuli/fractals/150b.jpg,-0.152049014540115,0.402125424974986,stimuli/fractals/150b.jpg,stimuli/fractals/150a.jpg,stimuli/fractals/150c.jpg,-0.152049014540115,0.402125424974986,0.150226824551833,0.0446873918841893,0.0689434507199906,0.294584530699605,-0.316850799689957,-0.395129957365075,,,,,,,,,0,0,0,0,0,4,4,4,,,,,,,,,,,,,,,,,,,,,,,,,,,,,,,,,,,,,,,,,,,,,,,,,,,,,,,,,,,,,,,,,,,,,,,,,,,,,,,,,,,,,,,,,,,,,,,,51.51599419268314,,,,,,,,,,,,,,,,,,,,,,,,,,,,,,,,,,,,,,,41mTRK22F,766406,OBJ,0,2021_Jul_06_1706,miniTRK,2021.1.4,59.460082687364206,
ENC,5,6000,1,1,OBJ,BL,0,0,stimuli/fractals/150b.jpg,-0.152049014540115,0.402125424974986,stimuli/fractals/150b.jpg,stimuli/fractals/150a.jpg,stimuli/fractals/150c.jpg,-0.152049014540115,0.402125424974986,0.150226824551833,0.0446873918841893,0.0689434507199906,0.294584530699605,-0.316850799689957,-0.395129957365075,,,,,,,,,0,0,0,0,0,4,4,4,,,,,,,,,,,,,,,,,,,,,,,,,,,,,,,,,,,,,,,,,,,,,,,,,,,,,,,,,,,,,,,,,,,,,,,,,,,,,,,,,,,,,,,,,,,,,,,,53.36606214795029,,,,,,,,,,,,,,,,,,,,,,,,,,,,,,,,,,,,,,,41mTRK22F,766406,OBJ,0,2021_Jul_06_1706,miniTRK,2021.1.4,59.460082687364206,
ENC,5,6000,1,1,OBJ,BL,0,0,stimuli/fractals/150b.jpg,-0.152049014540115,0.402125424974986,stimuli/fractals/150b.jpg,stimuli/fractals/150a.jpg,stimuli/fractals/150c.jpg,-0.152049014540115,0.402125424974986,0.150226824551833,0.0446873918841893,0.0689434507199906,0.294584530699605,-0.316850799689957,-0.395129957365075,,,,,,,,,0,0,0,0,0,4,4,4,,,,,,,,,,,,,,,,,,,,,,,,,,,,,,,,,,,,,,,,,,,,,,,,,,,,,,,,,,,,,,,,,,,,,,,,,,,,,,,,,,,,,,,,,,,,,,,,55.200235038471874,,,,,,,,,,,,,,,,,,,,,,,,,,,,,,,,,,,,,,,41mTRK22F,766406,OBJ,0,2021_Jul_06_1706,miniTRK,2021.1.4,59.460082687364206,
ENC,5,6000,1,1,OBJ,BL,0,0,stimuli/fractals/150b.jpg,-0.152049014540115,0.402125424974986,stimuli/fractals/150b.jpg,stimuli/fractals/150a.jpg,stimuli/fractals/150c.jpg,-0.152049014540115,0.402125424974986,0.150226824551833,0.0446873918841893,0.0689434507199906,0.294584530699605,-0.316850799689957,-0.395129957365075,,,,,,,,,0,0,0,0,0,4,4,4,,,,,,,,,,,,,,,,,,,,,,,,,,,,,,,,,,,,,,,,,,,,,,,,,,,,,,,,,,,,,,,,,,,,,,,,,,,,,,,,,,,,,,,,,,,,,,,,57.049942854151595,,,,,,,,,,,,,,,133.12973297928693,None,133.12973297928693,None,None,133.12973297928693,None,133.12973297928693,None,133.12973297928693,None,55.664064064912964,55.6773910219199,,,,,,,,,,,,41mTRK22F,766406,OBJ,0,2021_Jul_06_1706,miniTRK,2021.1.4,59.460082687364206,
ENC,5,6000,1,1,OBJ,BL,0,0,stimuli/fractals/150b.jpg,-0.152049014540115,0.402125424974986,stimuli/fractals/150b.jpg,stimuli/fractals/150a.jpg,stimuli/fractals/150c.jpg,-0.152049014540115,0.402125424974986,0.150226824551833,0.0446873918841893,0.0689434507199906,0.294584530699605,-0.316850799689957,-0.395129957365075,,,,,,,,,0,0,0,0,0,4,4,4,,,,,,,,,,,,,,,,,,,,,,,,,,,,,,,,,,,,,,,,,,,,,,,,,,,,,,,,,,,,,,,,,,,,,,,,,,,,,,,,,,,,,,,,,,,,,,,,,,,,,,,,,,,,,,,,,,,,,,,,,,,,139.15879670350114,None,139.15879670350114,None,None,139.15879670350114,None,139.15879670350114,None,139.15879670350114,None,41mTRK22F,766406,OBJ,0,2021_Jul_06_1706,miniTRK,2021.1.4,59.460082687364206,
ENC,6,1000,1,1,OBJ,OLP,1,3,stimuli/fractals/123a.jpg,-0.171501696761146,-0.234477489583464,stimuli/fractals/123a.jpg,stimuli/fractals/123c.jpg,stimuli/fractals/123b.jpg,-0.171501696761146,-0.234477489583464,-0.38370149765821004,-0.2789553365142,-0.0838737682204294,0.302835284626838,0.356007650522016,0.364581944091473,,,,,,,,,0,0,0,0,0,5,5,5,,,,,,,,,,,,,,,,,,,,,,,,,,,,,,,,,,,,,,,,,,,,,,,,,,,,,,,,,,,,,,,,,,,,,,,,,,,,,,,,,,,,,,,,,,,,,,,,58.88328737241682,,,,,,,,,,,,,,58.664536652038805,,,,,,,,,,,,,,,,,,,,,,,,,41mTRK22F,766406,OBJ,0,2021_Jul_06_1706,miniTRK,2021.1.4,59.460082687364206,
ENC,6,1000,1,1,OBJ,OLP,1,3,stimuli/fractals/123a.jpg,-0.171501696761146,-0.234477489583464,stimuli/fractals/123a.jpg,stimuli/fractals/123c.jpg,stimuli/fractals/123b.jpg,-0.171501696761146,-0.234477489583464,-0.38370149765821004,-0.2789553365142,-0.0838737682204294,0.302835284626838,0.356007650522016,0.364581944091473,,,,,,,,,0,0,0,0,0,5,5,5,,,,,,,,,,,,,,,,,,,,,,,,,,,,,,,,,,,,,,,,,,,,,,,,,,,,,,,,,,,,,,,,,,,,,,,,,,,,,,,,,,,,,,,,,,,,,,,,60.71601278882008,,,,,,,,,,,,,,,142.14630068017868,None,142.14630068017868,None,None,142.14630068017868,None,142.14630068017868,None,142.14630068017868,None,59.678163298463915,59.69354120682692,,,,,,,,,,,,41mTRK22F,766406,OBJ,0,2021_Jul_06_1706,miniTRK,2021.1.4,59.460082687364206,
ENC,6,1000,1,1,OBJ,OLP,1,3,stimuli/fractals/123a.jpg,-0.171501696761146,-0.234477489583464,stimuli/fractals/123a.jpg,stimuli/fractals/123c.jpg,stimuli/fractals/123b.jpg,-0.171501696761146,-0.234477489583464,-0.38370149765821004,-0.2789553365142,-0.0838737682204294,0.302835284626838,0.356007650522016,0.364581944091473,,,,,,,,,0,0,0,0,0,5,5,5,,,,,,,,,,,,,,,,,,,,,,,,,,,,,,,,,,,,,,,,,,,,,,,,,,,,,,,,,,,,,,,,,,,,,,,,,,,,,,,,,,,,,,,,,,,,,,,,62.56608407391468,,,,,,,,,,,,,,,,,,,,,,,,,,,,,,,,,,,,,,,41mTRK22F,766406,OBJ,0,2021_Jul_06_1706,miniTRK,2021.1.4,59.460082687364206,
ENC,6,1000,1,1,OBJ,OLP,1,3,stimuli/fractals/123a.jpg,-0.171501696761146,-0.234477489583464,stimuli/fractals/123a.jpg,stimuli/fractals/123c.jpg,stimuli/fractals/123b.jpg,-0.171501696761146,-0.234477489583464,-0.38370149765821004,-0.2789553365142,-0.0838737682204294,0.302835284626838,0.356007650522016,0.364581944091473,,,,,,,,,0,0,0,0,0,5,5,5,,,,,,,,,,,,,,,,,,,,,,,,,,,,,,,,,,,,,,,,,,,,,,,,,,,,,,,,,,,,,,,,,,,,,,,,,,,,,,,,,,,,,,,,,,,,,,,,,,,,,,,,,,,,,,,,,,,,,,,,,,,,143.17539975233376,None,143.17539975233376,None,None,143.17539975233376,None,143.17539975233376,None,143.17539975233376,None,41mTRK22F,766406,OBJ,0,2021_Jul_06_1706,miniTRK,2021.1.4,59.460082687364206,
ENC,7,2000,1,1,OBJ,OLP,2,0,stimuli/fractals/152b.jpg,0.0846478024186574,0.176247697779993,stimuli/fractals/152a.jpg,stimuli/fractals/152b.jpg,stimuli/fractals/152c.jpg,0.0846478024186574,0.176247697779993,0.27881536208095503,0.0111399149554564,0.282515861559336,-0.19795591034362198,-0.382647246154026,-0.161403316080168,,,,,,,,,0,0,0,0,0,6,6,6,,,,,,,,,,,,,,,,,,,,,,,,,,,,,,,,,,,,,,,,,,,,,,,,,,,,,,,,,,,,,,,,,,,,,,,,,,,,,,,,,,,,,,,,,,,,,,,,64.39953053783393,,,,,,,,,,,,,,62.68067121208878,,,,,,,,,,,,,,,,,,,,,,,,,41mTRK22F,766406,OBJ,0,2021_Jul_06_1706,miniTRK,2021.1.4,59.460082687364206,
ENC,7,2000,1,1,OBJ,OLP,2,0,stimuli/fractals/152b.jpg,0.0846478024186574,0.176247697779993,stimuli/fractals/152a.jpg,stimuli/fractals/152b.jpg,stimuli/fractals/152c.jpg,0.0846478024186574,0.176247697779993,0.27881536208095503,0.0111399149554564,0.282515861559336,-0.19795591034362198,-0.382647246154026,-0.161403316080168,,,,,,,,,0,0,0,0,0,6,6,6,,,,,,,,,,,,,,,,,,,,,,,,,,,,,,,,,,,,,,,,,,,,,,,,,,,,,,,,,,,,,,,,,,,,,,,,,,,,,,,,,,,,,,,,,,,,,,,,66.24922119179973,,,,,,,,,,,,,,,146.1629080834682,None,146.1629080834682,None,None,146.1629080834682,None,146.1629080834682,None,146.1629080834682,None,64.69509421265684,64.70974492590176,,,,,,,,,,,,41mTRK22F,766406,OBJ,0,2021_Jul_06_1706,miniTRK,2021.1.4,59.460082687364206,
ENC,7,2000,1,1,OBJ,OLP,2,0,stimuli/fractals/152b.jpg,0.0846478024186574,0.176247697779993,stimuli/fractals/152a.jpg,stimuli/fractals/152b.jpg,stimuli/fractals/152c.jpg,0.0846478024186574,0.176247697779993,0.27881536208095503,0.0111399149554564,0.282515861559336,-0.19795591034362198,-0.382647246154026,-0.161403316080168,,,,,,,,,0,0,0,0,0,6,6,6,,,,,,,,,,,,,,,,,,,,,,,,,,,,,,,,,,,,,,,,,,,,,,,,,,,,,,,,,,,,,,,,,,,,,,,,,,,,,,,,,,,,,,,,,,,,,,,,,,,,,,,,,,,,,,,,,,,,,,,,,,,,148.1918870237423,None,148.1918870237423,None,None,148.1918870237423,None,148.1918870237423,None,148.1918870237423,None,41mTRK22F,766406,OBJ,0,2021_Jul_06_1706,miniTRK,2021.1.4,59.460082687364206,
ENC,8,4000,1,1,OBJ,ERP,2,0,stimuli/fractals/21b.jpg,0.376897355721593,0.0513077905058119,stimuli/fractals/21b.jpg,stimuli/fractals/21a.jpg,stimuli/fractals/21c.jpg,0.376897355721593,0.0513077905058119,0.182213392677702,-0.36440205954632393,0.30363366638760303,-0.37654943267435104,-0.21385133123199201,0.34437961361303193,,,,,,,,,0,0,0,0,0,7,7,7,,,,,,,,,,,,,,,,,,,,,,,,,,,,,,,,,,,,,,,,,,,,,,,,,,,,,,,,,,,,,,,,,,,,,,,,,,,,,,,,,,,,,,,,,,,,,,,,68.08269864926115,,,,,,,,,,,,,,67.6978833731846,,,,,,,,,,,,,,,,,,,,,,,,,41mTRK22F,766406,OBJ,0,2021_Jul_06_1706,miniTRK,2021.1.4,59.460082687364206,
ENC,8,4000,1,1,OBJ,ERP,2,0,stimuli/fractals/21b.jpg,0.376897355721593,0.0513077905058119,stimuli/fractals/21b.jpg,stimuli/fractals/21a.jpg,stimuli/fractals/21c.jpg,0.376897355721593,0.0513077905058119,0.182213392677702,-0.36440205954632393,0.30363366638760303,-0.37654943267435104,-0.21385133123199201,0.34437961361303193,,,,,,,,,0,0,0,0,0,7,7,7,,,,,,,,,,,,,,,,,,,,,,,,,,,,,,,,,,,,,,,,,,,,,,,,,,,,,,,,,,,,,,,,,,,,,,,,,,,,,,,,,,,,,,,,,,,,,,,,69.91581904090708,,,,,,,,,,,,,,,,,,,,,,,,,,,,,,,,,,,,,,,41mTRK22F,766406,OBJ,0,2021_Jul_06_1706,miniTRK,2021.1.4,59.460082687364206,
ENC,8,4000,1,1,OBJ,ERP,2,0,stimuli/fractals/21b.jpg,0.376897355721593,0.0513077905058119,stimuli/fractals/21b.jpg,stimuli/fractals/21a.jpg,stimuli/fractals/21c.jpg,0.376897355721593,0.0513077905058119,0.182213392677702,-0.36440205954632393,0.30363366638760303,-0.37654943267435104,-0.21385133123199201,0.34437961361303193,,,,,,,,,0,0,0,0,0,7,7,7,,,,,,,,,,,,,,,,,,,,,,,,,,,,,,,,,,,,,,,,,,,,,,,,,,,,,,,,,,,,,,,,,,,,,,,,,,,,,,,,,,,,,,,,,,,,,,,,71.76549868064467,,,,,,,,,,,,,,,151.17947808961617,None,151.17947808961617,None,None,151.17947808961617,None,151.17947808961617,None,151.17947808961617,None,71.68889474042226,71.69808598374948,,,,,,,,,,,,41mTRK22F,766406,OBJ,0,2021_Jul_06_1706,miniTRK,2021.1.4,59.460082687364206,
ENC,8,4000,1,1,OBJ,ERP,2,0,stimuli/fractals/21b.jpg,0.376897355721593,0.0513077905058119,stimuli/fractals/21b.jpg,stimuli/fractals/21a.jpg,stimuli/fractals/21c.jpg,0.376897355721593,0.0513077905058119,0.182213392677702,-0.36440205954632393,0.30363366638760303,-0.37654943267435104,-0.21385133123199201,0.34437961361303193,,,,,,,,,0,0,0,0,0,7,7,7,,,,,,,,,,,,,,,,,,,,,,,,,,,,,,,,,,,,,,,,,,,,,,,,,,,,,,,,,,,,,,,,,,,,,,,,,,,,,,,,,,,,,,,,,,,,,,,,73.61568190099206,,,,,,,,,,,,,,,,,,,,,,,,,,,,,,,,,,,,,,,41mTRK22F,766406,OBJ,0,2021_Jul_06_1706,miniTRK,2021.1.4,59.460082687364206,
ENC,8,4000,1,1,OBJ,ERP,2,0,stimuli/fractals/21b.jpg,0.376897355721593,0.0513077905058119,stimuli/fractals/21b.jpg,stimuli/fractals/21a.jpg,stimuli/fractals/21c.jpg,0.376897355721593,0.0513077905058119,0.182213392677702,-0.36440205954632393,0.30363366638760303,-0.37654943267435104,-0.21385133123199201,0.34437961361303193,,,,,,,,,0,0,0,0,0,7,7,7,,,,,,,,,,,,,,,,,,,,,,,,,,,,,,,,,,,,,,,,,,,,,,,,,,,,,,,,,,,,,,,,,,,,,,,,,,,,,,,,,,,,,,,,,,,,,,,,,,,,,,,,,,,,,,,,,,,,,,,,,,,,155.17936974036274,None,155.17936974036274,None,None,155.17936974036274,None,155.17936974036274,None,155.17936974036274,None,41mTRK22F,766406,OBJ,0,2021_Jul_06_1706,miniTRK,2021.1.4,59.460082687364206,
ENC,9,2000,1,1,OBJ,ERP,2,0,stimuli/fractals/37a.jpg,-0.20591339026794103,0.156377605633925,stimuli/fractals/37a.jpg,stimuli/fractals/37b.jpg,stimuli/fractals/37c.jpg,-0.20591339026794103,0.156377605633925,-0.36194841734001504,-0.338630657507241,-0.128003571669689,-0.35038629997911797,0.330339150084164,0.0561419981062496,,,,,,,,,0,0,0,0,0,8,8,8,,,,,,,,,,,,,,,,,,,,,,,,,,,,,,,,,,,,,,,,,,,,,,,,,,,,,,,,,,,,,,,,,,,,,,,,,,,,,,,,,,,,,,,,,,,,,,,,75.44898466771701,,,,,,,,,,,,,,74.6972191897803,,,,,,,,,,,,,,,,,,,,,,,,,41mTRK22F,766406,OBJ,0,2021_Jul_06_1706,miniTRK,2021.1.4,59.460082687364206,
ENC,9,2000,1,1,OBJ,ERP,2,0,stimuli/fractals/37a.jpg,-0.20591339026794103,0.156377605633925,stimuli/fractals/37a.jpg,stimuli/fractals/37b.jpg,stimuli/fractals/37c.jpg,-0.20591339026794103,0.156377605633925,-0.36194841734001504,-0.338630657507241,-0.128003571669689,-0.35038629997911797,0.330339150084164,0.0561419981062496,,,,,,,,,0,0,0,0,0,8,8,8,,,,,,,,,,,,,,,,,,,,,,,,,,,,,,,,,,,,,,,,,,,,,,,,,,,,,,,,,,,,,,,,,,,,,,,,,,,,,,,,,,,,,,,,,,,,,,,,77.28271570854122,,,,,,,,,,,,,,,158.179349761107,None,158.179349761107,None,None,158.179349761107,None,158.179349761107,None,158.179349761107,None,76.68828076135833,76.69727656623581,,,,,,,,,,,,41mTRK22F,766406,OBJ,0,2021_Jul_06_1706,miniTRK,2021.1.4,59.460082687364206,
ENC,9,2000,1,1,OBJ,ERP,2,0,stimuli/fractals/37a.jpg,-0.20591339026794103,0.156377605633925,stimuli/fractals/37a.jpg,stimuli/fractals/37b.jpg,stimuli/fractals/37c.jpg,-0.20591339026794103,0.156377605633925,-0.36194841734001504,-0.338630657507241,-0.128003571669689,-0.35038629997911797,0.330339150084164,0.0561419981062496,,,,,,,,,0,0,0,0,0,8,8,8,,,,,,,,,,,,,,,,,,,,,,,,,,,,,,,,,,,,,,,,,,,,,,,,,,,,,,,,,,,,,,,,,,,,,,,,,,,,,,,,,,,,,,,,,,,,,,,,79.11583533172961,,,,,,,,,,,,,,,,,,,,,,,,,,,,,,,,,,,,,,,41mTRK22F,766406,OBJ,0,2021_Jul_06_1706,miniTRK,2021.1.4,59.460082687364206,
ENC,9,2000,1,1,OBJ,ERP,2,0,stimuli/fractals/37a.jpg,-0.20591339026794103,0.156377605633925,stimuli/fractals/37a.jpg,stimuli/fractals/37b.jpg,stimuli/fractals/37c.jpg,-0.20591339026794103,0.156377605633925,-0.36194841734001504,-0.338630657507241,-0.128003571669689,-0.35038629997911797,0.330339150084164,0.0561419981062496,,,,,,,,,0,0,0,0,0,8,8,8,,,,,,,,,,,,,,,,,,,,,,,,,,,,,,,,,,,,,,,,,,,,,,,,,,,,,,,,,,,,,,,,,,,,,,,,,,,,,,,,,,,,,,,,,,,,,,,,,,,,,,,,,,,,,,,,,,,,,,,,,,,,160.17928931093775,None,160.17928931093775,None,None,160.17928931093775,None,160.17928931093775,None,160.17928931093775,None,41mTRK22F,766406,OBJ,0,2021_Jul_06_1706,miniTRK,2021.1.4,59.460082687364206,
ENC,10,6000,1,1,OBJ,OLP,2,0,stimuli/fractals/123c.jpg,-0.171501696761146,-0.234477489583464,stimuli/fractals/123a.jpg,stimuli/fractals/123c.jpg,stimuli/fractals/123b.jpg,-0.171501696761146,-0.234477489583464,-0.38370149765821004,-0.2789553365142,-0.0838737682204294,0.302835284626838,0.356007650522016,0.364581944091473,,,,,,,,,0,0,0,0,0,9,9,9,,,,,,,,,,,,,,,,,,,,,,,,,,,,,,,,,,,,,,,,,,,,,,,,,,,,,,,,,,,,,,,,,,,,,,,,,,,,,,,,,,,,,,,,,,,,,,,,80.96623960504076,,,,,,,,,,,,,,79.69739797885995,,,,,,,,,,,,,,,,,,,,,,,,,41mTRK22F,766406,OBJ,0,2021_Jul_06_1706,miniTRK,2021.1.4,59.460082687364206,
ENC,10,6000,1,1,OBJ,OLP,2,0,stimuli/fractals/123c.jpg,-0.171501696761146,-0.234477489583464,stimuli/fractals/123a.jpg,stimuli/fractals/123c.jpg,stimuli/fractals/123b.jpg,-0.171501696761146,-0.234477489583464,-0.38370149765821004,-0.2789553365142,-0.0838737682204294,0.302835284626838,0.356007650522016,0.364581944091473,,,,,,,,,0,0,0,0,0,9,9,9,,,,,,,,,,,,,,,,,,,,,,,,,,,,,,,,,,,,,,,,,,,,,,,,,,,,,,,,,,,,,,,,,,,,,,,,,,,,,,,,,,,,,,,,,,,,,,,,,,,,,,,,,,,,,,,163.17928931093775,None,163.17928931093775,None,None,163.17928931093775,None,163.17928931093775,None,163.17928931093775,None,85.68815217667725,85.69769075233489,169.1791953057982,None,169.1791953057982,None,None,169.1791953057982,None,169.1791953057982,None,169.1791953057982,None,41mTRK22F,766406,OBJ,0,2021_Jul_06_1706,miniTRK,2021.1.4,59.460082687364206,
ENC,11,3000,1,1,OBJ,OLP,2,0,stimuli/fractals/68b.jpg,0.269051094819113,0.000287426531222408,stimuli/fractals/68c.jpg,stimuli/fractals/68b.jpg,stimuli/fractals/68a.jpg,0.269051094819113,0.000287426531222408,0.307804810253768,-0.406703573446646,-0.0386388400685433,-0.0295717635171729,-0.37977273723814203,-0.29785786265235303,,,,,,,,,0,0,0,0,0,10,10,10,,,,,,,,,,,,,,,,,,,,,,,,,,,,,,,,,,,,,,,,,,,,,,,,,,,,,,,,,,,,,,,,,,,,,,,,,,,,,,,,,,,,,,,,,,,,,,,,,,,,,,,,,,,,,,88.69782445993042,172.1790726124309,None,172.1790726124309,None,None,172.1790726124309,None,172.1790726124309,None,172.1790726124309,None,91.68821057770401,91.6969484447618,175.1790175412898,None,175.1790175412898,None,None,175.1790175412898,None,175.1790175412898,None,175.1790175412898,None,41mTRK22F,766406,OBJ,0,2021_Jul_06_1706,miniTRK,2021.1.4,59.460082687364206,
ENC,12,2000,1,1,OBJ,ERP,1,4,stimuli/fractals/92a.jpg,-0.38041157120891794,-0.0346713547780233,stimuli/fractals/92a.jpg,stimuli/fractals/92b.jpg,stimuli/fractals/92c.jpg,-0.38041157120891794,-0.0346713547780233,-0.125804258327099,-0.19425055276826697,-0.0612254088749184,0.0707338448656324,0.302672407064961,0.39678615142758794,,,,,,,,,0,0,0,0,0,11,11,11,,,,,,,,,,,,,,,,,,,,,,,,,,,,,,,,,,,,,,,,,,,,,,,,,,,,,,,,,,,,,,,,,,,,,,,,,,,,,,,,,,,,,,,,,,,,,,,,,,,,,,,,,,,,,,94.69708112772787,178.17900575866224,None,178.17900575866224,None,None,178.17900575866224,None,178.17900575866224,None,178.17900575866224,None,96.70441583369393,96.71117293310817,180.19317312672501,None,180.19317312672501,None,None,180.19317312672501,None,180.19317312672501,None,180.19317312672501,None,41mTRK22F,766406,OBJ,0,2021_Jul_06_1706,miniTRK,2021.1.4,59.460082687364206,
ENC,13,3000,1,1,OBJ,OLP,1,2,stimuli/fractals/125a.jpg,0.0055760276359743295,0.408717785705827,stimuli/fractals/125a.jpg,stimuli/fractals/125b.jpg,stimuli/fractals/125c.jpg,0.0055760276359743295,0.408717785705827,-0.21528856086430803,0.0671398857376904,0.20940797832040303,0.00958268889866081,0.23801143420985502,-0.358024705676253,,,,,,,,,0,0,0,0,0,12,12,12,,,,,,,,,,,,,,,,,,,,,,,,,,,,,,,,,,,,,,,,,,,,,,,,,,,,,,,,,,,,,,,,,,,,,,,,,,,,,,,,,,,,,,,,,,,,,,,,,,,,,,,,,,,,,,99.71428253076738,183.19561111280927,None,183.19561111280927,None,None,183.19561111280927,None,183.19561111280927,None,183.19561111280927,None,102.71526100387564,102.7264053511899,186.20790862391004,None,186.20790862391004,None,None,186.20790862391004,None,186.20790862391004,None,186.20790862391004,None,41mTRK22F,766406,OBJ,0,2021_Jul_06_1706,miniTRK,2021.1.4,59.460082687364206,
ENC,14,1000,1,1,OBJ,ERP,1,3,stimuli/fractals/45a.jpg,0.0140701477216217,-0.03292996494954201,stimuli/fractals/45a.jpg,stimuli/fractals/45c.jpg,stimuli/fractals/45b.jpg,0.0140701477216217,-0.03292996494954201,0.20815430673080604,0.258327804033483,-0.24956510104059196,0.165151776159607,-0.38619344631357394,0.40605783914732,,,,,,,,,0,0,0,0,0,13,13,13,,,,,,,,,,,,,,,,,,,,,,,,,,,,,,,,,,,,,,,,,,,,,,,,,,,,,,,,,,,,,,,,,,,,,,,,,,,,,,,,,,,,,,,,,,,,,,,,,,,,,,,,,,,,,,105.73053286824143,189.21212784084491,None,189.21212784084491,None,None,189.21212784084491,None,189.21212784084491,None,189.21212784084491,None,106.72140181896975,106.73057641286869,190.21212681627367,None,190.21212681627367,None,None,190.21212681627367,None,190.21212681627367,None,190.21212681627367,None,41mTRK22F,766406,OBJ,0,2021_Jul_06_1706,miniTRK,2021.1.4,59.460082687364206,
ENC,15,2000,1,1,OBJ,OLP,1,4,stimuli/fractals/133a.jpg,-0.238022544470912,0.0788151826229348,stimuli/fractals/133a.jpg,stimuli/fractals/133b.jpg,stimuli/fractals/133c.jpg,-0.238022544470912,0.0788151826229348,-0.347788732149459,-0.339472141206795,-0.36646970032316706,-0.341527108858412,0.317561497525634,0.22832762009158203,,,,,,,,,0,0,0,0,0,14,14,14,,,,,,,,,,,,,,,,,,,,,,,,,,,,,,,,,,,,,,,,,,,,,,,,,,,,,,,,,,,,,,,,,,,,,,,,,,,,,,,,,,,,,,,,,,,,,,,,,,,,,,,,,,,,,,109.73074572457699,193.2120387024479,None,193.2120387024479,None,None,193.2120387024479,None,193.2120387024479,None,193.2120387024479,None,111.72061878436944,111.72978031489765,195.2120258951909,None,195.2120258951909,None,None,195.2120258951909,None,195.2120258951909,None,195.2120258951909,None,41mTRK22F,766406,OBJ,0,2021_Jul_06_1706,miniTRK,2021.1.4,59.460082687364206,
ENC,16,2000,1,1,OBJ,OLP,2,0,stimuli/fractals/125b.jpg,0.0055760276359743295,0.408717785705827,stimuli/fractals/125a.jpg,stimuli/fractals/125b.jpg,stimuli/fractals/125c.jpg,0.0055760276359743295,0.408717785705827,-0.21528856086430803,0.0671398857376904,0.20940797832040303,0.00958268889866081,0.23801143420985502,-0.358024705676253,,,,,,,,,0,0,0,0,0,15,15,15,,,,,,,,,,,,,,,,,,,,,,,,,,,,,,,,,,,,,,,,,,,,,,,,,,,,,,,,,,,,,,,,,,,,,,,,,,,,,,,,,,,,,,,,,,,,,,,,,,,,,,,,,,,,,,114.72994937043404,198.2119920841069,None,198.2119920841069,None,None,198.2119920841069,None,198.2119920841069,None,198.2119920841069,None,116.7418467834359,116.74803268001415,200.23008051654324,None,200.23008051654324,None,None,200.23008051654324,None,200.23008051654324,None,200.23008051654324,None,41mTRK22F,766406,OBJ,0,2021_Jul_06_1706,miniTRK,2021.1.4,59.460082687364206,
,,,,,,,,,,,,,,,,,,,,,,,,,,,,,,,,,,,,,,,,,,,,,,,,,,,,,,,,,,,,,,,,,,,,,,,,,,,,,,,,,,,,,,,,,,,,,,,,,,,,,,,,,,,,,,,,,,,,,,,,,,,,,,,,,,,,,,,,,,,,,,,,,,,,119.74716537375934,203.2286158806528,None,203.2286158806528,None,None,203.2286158806528,None,203.2286158806528,None,203.2286158806528,None,122.7365732745966,122.74729037244106,,,,,,,,,,,,,,,,,,,,
